{
  "manifest.json": 1726043654855,
  "i18n/i18n_es.properties": 1722500741348,
  "model/models.js": 1722437472845,
  "controller/View1.controller.js": 1725975082850,
  "controller/App.controller.js": 1725953285507,
  "i18n/i18n.properties": 1722437486009,
  "Component.js": 1722437472841,
  "model/models-dbg.js": 1722437472845,
  "model/models.js.map": 1726043655005,
  "controller/View1-dbg.controller.js": 1725975082850,
  "controller/View1.controller.js.map": 1726043655053,
  "controller/App-dbg.controller.js": 1725953285507,
  "controller/App.controller.js.map": 1726043655008,
  "Component-dbg.js": 1722437472841,
  "Component.js.map": 1726043655005,
  "Component-preload.js": 1726043655193,
  "Component-preload.js.map": 1726043655193,
  "view/View1.view.xml": 1725954108416,
  "view/App.view.xml": 1725900265482,
  "css/style.css": 1725363848816,
  "index.html": 1725380856665
}