{
  "model/models-dbg.js": 1722437472845,
  "i18n/i18n_es.properties": 1722500741348,
  "manifest.json": 1725351451944,
  "controller/View1.controller.js": 1725311168019,
  "controller/App.controller.js": 1722595479500,
  "model/models.js": 1722437472845,
  "Component.js": 1722437472841,
  "controller/View1-dbg.controller.js": 1725311168019,
  "controller/View1.controller.js.map": 1725351452144,
  "controller/App-dbg.controller.js": 1722595479500,
  "controller/App.controller.js.map": 1725351452116,
  "i18n/i18n.properties": 1722437486009,
  "model/models.js.map": 1725351452115,
  "Component-dbg.js": 1722437472841,
  "Component.js.map": 1725351452115,
  "Component-preload.js": 1725351454569,
  "Component-preload.js.map": 1725351454569,
  "view/View1.view.xml": 1725310296026,
  "view/App.view.xml": 1723108296379,
  "css/style.css": 1724667406825,
  "index.html": 1722437472841
}