{
  "index.html": 1725380856665,
  "i18n/i18n.properties": 1722437486009,
  "manifest.json": 1727172865086,
  "controller/View1.controller.js": 1727082010773,
  "controller/App.controller.js": 1727036080831,
  "model/models.js": 1722437472845,
  "Component.js": 1722437472841,
  "controller/App-dbg.controller.js": 1727036080831,
  "controller/App.controller.js.map": 1727172865242,
  "controller/View1-dbg.controller.js": 1727082010773,
  "controller/View1.controller.js.map": 1727172865273,
  "model/models-dbg.js": 1722437472845,
  "model/models.js.map": 1727172865203,
  "Component-dbg.js": 1722437472841,
  "Component.js.map": 1727172865203,
  "Component-preload.js": 1727172865412,
  "Component-preload.js.map": 1727172865412,
  "view/View1.view.xml": 1726562301808,
  "view/App.view.xml": 1727034421291,
  "css/style.css": 1726149584228,
  "i18n/i18n_es.properties": 1722500741348
}