{
	"nodes": [
		{
			"id": "1",
			"lane": "0",
			"title": "Sales Order 2",
			"children": [ 10, 11, 12 ],
			"state": "Positive",
			"stateText": "OK status",
			"focused": true,
			"texts": [ "Sales Order Document Overdue long text for the wrap up all the aspects", "Not cleared" ],
			"highlighted": false
		}, {
			"id": "10",
			"lane": "1",
			"title": "Outbound Delivery 40",
			"children": [ 20, 21 ],
			"state": "Negative",
			"stateText": "NOT OK",
			"focused": false,
			"texts": [ "text 1", "text 2" ],
			"highlighted": false
		}, {
			"id": "11",
			"lane": "1",
			"title": "Outbound Delivery 43",
			"children": [ 20 ],
			"state": "Neutral",
			"stateText": null,
			"focused": false,
			"texts": [ "text 1", "text 2" ],
			"highlighted": false
		}, {
			"id": "12",
			"lane": "1",
			"title": "Outbound Delivery 45",
			"children": [ 20 ],
			"state": "Neutral",
			"stateText": null,
			"focused": false,
			"texts": null,
			"highlighted": false
		}, {
			"id": "20",
			"lane": "2",
			"title": "Invoice 9",
			"children": [ 31, 51 ],
			"state": "Positive",
			"stateText": "OK status",
			"focused": false,
			"texts": null,
			"highlighted": false
		}, {
			"id": "21",
			"lane": "2",
			"title": "Invoice planned",
			"children": null,
			"state": "Planned",
			"stateText": null,
			"focused": false,
			"texts": null,
			"highlighted": false
		}, {
			"id": "31",
			"lane": "3",
			"title": "Accounting Document 7",
			"children": [ 41 ],
			"state": "Positive",
			"stateText": "OK status",
			"focused": false,
			"texts": null,
			"highlighted": false
		}, {
			"id": "41",
			"lane": "4",
			"title": "Payment Document 75",
			"children": [ 51 ],
			"state": "Positive",
			"stateText": "OK status",
			"focused": false,
			"texts": null,
			"highlighted": false
		}, {
			"id": "51",
			"lane": "5",
			"title": "Acceptance Letter 14",
			"children": [ 61 ],
			"state": "Positive",
			"stateText": "OK status",
			"focused": false,
			"texts": null,
			"highlighted": false
		}, {
			"id": "61",
			"lane": "6",
			"title": "Credit Voucher 67",
			"children": [ 71 ],
			"state": "Positive",
			"stateText": "OK status",
			"focused": false,
			"texts": null,
			"highlighted": false
		}, {
			"id": "71",
			"lane": "7",
			"title": "Credit Return 77",
			"children": null,
			"state": "Planned",
			"stateText": "Planned status text",
			"focused": false,
			"texts": null,
			"highlighted": false
		}
	],
	"lanes": [
		{
			"id": "0",
			"icon": "sap-icon://order-status",
			"label": "In Order",
			"position": 0
		}, {
			"id": "1",
			"icon": "sap-icon://monitor-payments",
			"label": "In Delivery",
			"position": 1
		}, {
			"id": "2",
			"icon": "sap-icon://payment-approval",
			"label": "In Invoice",
			"position": 2
		}, {
			"id": "3",
			"icon": "sap-icon://money-bills",
			"label": "In Accounting",
			"position": 3
		}, {
			"id": "4",
			"icon": "sap-icon://payment-approval",
			"label": "In Payment",
			"position": 4
		}, {
			"id": "5",
			"icon": "sap-icon://nurse",
			"label": "Delivered",
			"position": 5
		}, {
			"id": "6",
			"icon": "sap-icon://retail-store",
			"label": "In Return Process",
			"position": 6
		}, {
			"id": "7",
			"icon": "sap-icon://monitor-payments",
			"label": "In Credit Return",
			"position": 7
		}
	]
}
